input,prediction
"[0.44199702064455937, 0.2122289976443186, 0.42163229080822023, 0.2802984928872534, 0.4605906756017613, 0.3192377110578571, 0.3273886835650375, 0.39807210044495106, 0.4546796344282337, 0.05268290588641904, -0.22649031913568032, -0.5601968263180401, -0.3201423682657136, -0.19125366007621705, -0.7604366266307213, -0.08046583974402179, -0.2600697941350198, -0.5121434949953824, -0.3390186137378074, -0.23280218495425703, 0.6516404944846281, 0.7421574672399719, 0.5347125864034709, 0.33156670724403203, 1.02726690555256, 1.3053439659031265, 0.6276850592670884, 0.5056657380539945, 1.7657706629485161, 1.2957599584154011]",0
True Label: Malignant (0)
 Predicted Label: Malignant (0)